
-- Table: secure_token
CREATE TABLE secure_token ( 
    id       INTEGER         NOT NULL
                             PRIMARY KEY,
    username VARCHAR( 40 )   DEFAULT NULL,
    url      VARCHAR( 255 )  DEFAULT NULL,
    time     VARCHAR( 100 )  DEFAULT NULL 
);

INSERT INTO [secure_token] ([id], [username], [url], [time]) VALUES (1, 'admin', '4538bda045fc52b02194564a78386e6e1f571a8f567a8107ed14e1b922b84bf5', 1417252639.2595);
INSERT INTO [secure_token] ([id], [username], [url], [time]) VALUES (2, 'admin', '73c376ba02bae048c342799a38c46cbef3bc958cd6fe94b981ca1b3206f1b8e4', 1417078927.0174);
INSERT INTO [secure_token] ([id], [username], [url], [time]) VALUES (3, 'admin', '05508af3ca62e7ef9813eb3320553b47035aaaea7fed1f39781ff6c5a2da4102', 1417252639.251);
INSERT INTO [secure_token] ([id], [username], [url], [time]) VALUES (4, 'admin', 'df4dd808b07b227a6975b0460b3e7d4c2600e44bbaa396f8ba108396229ce493', 1417252639.2655);
INSERT INTO [secure_token] ([id], [username], [url], [time]) VALUES (5, 'admin', '509da65b4acaedc79e0039122d24809cf79fc678a9fdabbed88cd7ec65127da6', 1417074703.7972);
INSERT INTO [secure_token] ([id], [username], [url], [time]) VALUES (6, 'admin', '56f1c02e20f9f613b9581ed2cf1fbf3d2e9f555be55163118a7fbc8f8b85e6e5', 1417070095.2326);
INSERT INTO [secure_token] ([id], [username], [url], [time]) VALUES (7, 'admin', 'ad0ca93544aa54a7f3775d5cbe5b714b10660645807f846b5bb991058113043c', 1417081320.6184);
INSERT INTO [secure_token] ([id], [username], [url], [time]) VALUES (8, 'admin', '5ce427ffd8f742f2741c0943256c8f11dd8626a172696ca5bb381468c5715842', 1417098501.2459);
INSERT INTO [secure_token] ([id], [username], [url], [time]) VALUES (9, 'admin', 'e04b4a13ed17eacd826b7c66987cfce2555c06844a2c7710ff21bb73639428e3', 1417071132.7448);
INSERT INTO [secure_token] ([id], [username], [url], [time]) VALUES (10, 'admin', 'c0220d234b9e26fd0b5afddc792e48830055487405aaa1f088aa9e8775711997', 1417071132.7536);
INSERT INTO [secure_token] ([id], [username], [url], [time]) VALUES (11, 'admin', 'b6e1513b849021f4bf0c372af69a784b562ca6a0043062c14681683f206d8907', 1417071132.7597);
INSERT INTO [secure_token] ([id], [username], [url], [time]) VALUES (12, 'admin', 'f0913d48a93bf7519839062f3ea14069e0c765b70c3ecf718c8c9f0172c79afb', 1417071132.7803);
INSERT INTO [secure_token] ([id], [username], [url], [time]) VALUES (13, 'admin', '2951e68615c9e87a31e8159ffd59fd8cc6cf916a69b1669e9cca84d539631497', 1417071132.7884);
INSERT INTO [secure_token] ([id], [username], [url], [time]) VALUES (14, 'admin', '21ec7b966ccd2e503fc7c993b10b621441a1d9fc9c41ba478bb9f3607ea61de7', 1417071132.7947);
INSERT INTO [secure_token] ([id], [username], [url], [time]) VALUES (15, 'admin', '6a51ceb59c421557f8007e347d3a2b461c10866aa962c492eef74e00d1f9e512', 1417071132.8022);
INSERT INTO [secure_token] ([id], [username], [url], [time]) VALUES (16, 'admin', '1b20f9217c9288cd3ea3df7aadbc22f2f84662417e3858386d4cba8d97729743', 1417252634.4119);
INSERT INTO [secure_token] ([id], [username], [url], [time]) VALUES (17, 'admin', '8200c2246d6695da41e2fdf49c189430895a3a02496979d703cd0d45143808c0', 1417081237.8746);
INSERT INTO [secure_token] ([id], [username], [url], [time]) VALUES (18, 'admin', 'e732b8fe4e5fbffb6ad1cefb6a6d6bd2f0befa648fd7db0ee955ccf5b7d6cd26', 1417078930.1085);
INSERT INTO [secure_token] ([id], [username], [url], [time]) VALUES (19, 'admin', '778e933f29c5927c55833d7af977c89cfbd7cc563f56aa0d59a87ce44d5fa438', 1417078930.1175);
INSERT INTO [secure_token] ([id], [username], [url], [time]) VALUES (20, 'admin', '912df21a74e35c8f0730f00e093fdd9cecd8a33825ee153ffd9cf32974f267d1', 1417078930.124);
INSERT INTO [secure_token] ([id], [username], [url], [time]) VALUES (21, 'admin', 'aea64a9c02e3314d4a15607613fca46c6b29bba65d8985d9c47019ae8e22ba11', 1417098519.1417);
INSERT INTO [secure_token] ([id], [username], [url], [time]) VALUES (22, 'admin', 'd21cc597c9a095f7a49d1fb609bb5ec9d35d46f3e4329f117219a0440251c2f9', 1417079096.4785);
INSERT INTO [secure_token] ([id], [username], [url], [time]) VALUES (23, 'admin', '0a005d2b91f8b9364153ba26995bb6f9515ea5b8884e0b0f3f921f210094f9a6', 1417079092.4997);
INSERT INTO [secure_token] ([id], [username], [url], [time]) VALUES (24, 'admin', '6cfe79da795c9ccf813529d2dc76a7f13380daf679d7ca1385c880671d971841', 1417074692.8707);
INSERT INTO [secure_token] ([id], [username], [url], [time]) VALUES (25, 'admin', '8ca48a58f39f71b4acf267be3cb5d871f47a2d36fa59bb15885d22aa5c82fa8b', 1417252598.6639);
INSERT INTO [secure_token] ([id], [username], [url], [time]) VALUES (26, 'admin', 'c408b1870618c062862a1e4e4b3a85597206f3b21f64d9d843346b28ae64afea', 1417103444.4869);
INSERT INTO [secure_token] ([id], [username], [url], [time]) VALUES (27, 'admin', '7b8eca9472f785fb2da6b403d35044b2e3d867d69032a3d2bf3ab11cae659f0b', 1417562808.7107);
INSERT INTO [secure_token] ([id], [username], [url], [time]) VALUES (28, 'admin', '88f94236940fe8c15f2a3670e3abc5c0b6f99f7b4969a49dda8f5426136391c8', 1417507335.3582);
INSERT INTO [secure_token] ([id], [username], [url], [time]) VALUES (29, 'admin', 'a86730ad405ae73f7e11eae9cb543b20bd2ba01d27754ddf9691c54631a51cf0', 1417562808.7325);
INSERT INTO [secure_token] ([id], [username], [url], [time]) VALUES (30, 'admin', 'b13e42b78ba0c25b9c3791a1cf045b4deabfaf4bbe7f611d849e2eabfa125ae9', 1417504203.8289);
INSERT INTO [secure_token] ([id], [username], [url], [time]) VALUES (31, 'admin', '59d466353e171b718413c2769c945988843cd41a0368f2c599881c33ac9fff2b', 1417261641.8882);
INSERT INTO [secure_token] ([id], [username], [url], [time]) VALUES (32, 'admin', 'c89a793d1f304f7dd3614089e3983ea178e12da4b04d071d69c957e01c26d348', 1417507302.9393);
INSERT INTO [secure_token] ([id], [username], [url], [time]) VALUES (33, 'admin', '7337b63719c754c1450abc1dc793faa62fe560c3a448670638a001614de83562', 1417504000.4321);
INSERT INTO [secure_token] ([id], [username], [url], [time]) VALUES (34, 'admin', 'e786fa7d1635f7158c70c3fed6f3d381454970d752cda9f27787a6959ce6fb51', 1417473096.2771);
INSERT INTO [secure_token] ([id], [username], [url], [time]) VALUES (35, 'admin', 'bf70ffbea60ff28e5f839df7ad0fdf7b47349ef17004d51f682762bca492e2a3', 1417507335.29);
INSERT INTO [secure_token] ([id], [username], [url], [time]) VALUES (36, 'admin', '805f049a0203419f25f7557d4ef0c99ce32ac5f9fcf551f5c4d3ef39f4099d43', 1417504235.1607);
INSERT INTO [secure_token] ([id], [username], [url], [time]) VALUES (37, 'admin', 'da6c720079bcbc0038a2c34eed4bd5807c847e9edd5c2e42607b0c203ff3a0df', 1417507335.3081);
INSERT INTO [secure_token] ([id], [username], [url], [time]) VALUES (38, 'admin', 'aa9c642346b4f42ff7935dd4485f6cf7bed54581f156bc0746f811eaa0673c6b', 1417504251.4164);
INSERT INTO [secure_token] ([id], [username], [url], [time]) VALUES (39, 'admin', 'c0e421c6dcb40b9ec36b2848fe3d1a27ad22c336bb32112f30a3398908224413', 1417562808.7192);
INSERT INTO [secure_token] ([id], [username], [url], [time]) VALUES (40, 'admin', '721f29d7d176fee0babc4810f08dae91d91c856bda42eb50a533890b0f713e4b', 1417507329.2174);
INSERT INTO [secure_token] ([id], [username], [url], [time]) VALUES (41, 'admin', '9f68aa3615cc4c3a6f8b38fe1873097a1fa3d85c42c656713fb6e95990798276', 1417310270.5147);
INSERT INTO [secure_token] ([id], [username], [url], [time]) VALUES (42, 'admin', '5c7b2a538e46bf9344ea78c15d2752877e4e6df3c7c49bb384ca158ebf421606', 1417310144.5854);
INSERT INTO [secure_token] ([id], [username], [url], [time]) VALUES (43, 'admin', 'faec74ea3734a5c60acb88c97fc039c42664f5e9ef4027562a46f8ddd930ef48', 1417309758.4282);
INSERT INTO [secure_token] ([id], [username], [url], [time]) VALUES (44, 'admin', 'd1f7b40f7e31c6a2e8f652a292a7a062b5b36119dc65c7460948a0ae9493744f', 1417470317.3554);
INSERT INTO [secure_token] ([id], [username], [url], [time]) VALUES (45, 'admin', '3046e150a64e54d4edcc2f85ab20839e6bbe0cca5561d4da1474c6c621369072', 1417503997.2951);
INSERT INTO [secure_token] ([id], [username], [url], [time]) VALUES (46, 'admin', 'a57847f85e30209a8e3bca807f7f38c7d88c0d192aa6f6a54a19ba39478644b0', 1417507335.3369);
INSERT INTO [secure_token] ([id], [username], [url], [time]) VALUES (47, 'admin', '2c7177a842b4f40cf9ee2596a63a52bf5e74cbd53f4a95ccc316ab1c6a7857cc', 1417274066.485);
INSERT INTO [secure_token] ([id], [username], [url], [time]) VALUES (48, 'admin', '0a750e83e5096ca0045cdd380e5cd4aa3f1b810029f8dde629342be74d4ebf8a', 1417274066.5028);
INSERT INTO [secure_token] ([id], [username], [url], [time]) VALUES (49, 'admin', 'b33f992706fe219dab96316ac6363a49744f2b88668ef10193d4f02d948df02e', 1417274068.6795);
INSERT INTO [secure_token] ([id], [username], [url], [time]) VALUES (50, 'admin', '879776c1e8d5e6d7e16ca46b76aa48a6e5a318209b4a95c9532cdda4b98b60a0', 1417274068.6902);
INSERT INTO [secure_token] ([id], [username], [url], [time]) VALUES (51, 'admin', 'a352d47a2c3a595eddf2f43e8e5be873c6cec87259907b082996f7a60e518e7e', 1417274068.6968);
INSERT INTO [secure_token] ([id], [username], [url], [time]) VALUES (52, 'admin', '8abaf6721e6b6b8e7b23c63641ce5c3168dd95384d01adac7539ffdc86d7be64', 1417274068.7048);
INSERT INTO [secure_token] ([id], [username], [url], [time]) VALUES (53, 'admin', 'd138d4c11089e02b51d704ce6dbf35457acf91129e7ad87ce9422830ffb8da4c', 1417274068.7116);
INSERT INTO [secure_token] ([id], [username], [url], [time]) VALUES (54, 'admin', '50296e85b6cac4c7831e4681b2a130284d44721ff1d127e6408401328a49c130', 1417504283.837);
INSERT INTO [secure_token] ([id], [username], [url], [time]) VALUES (55, 'admin', '2beaf0dfbd6c994751fcd7c4cae8778682df52991c8b63a303b7281a72fdf0f5', 1417507335.3291);
INSERT INTO [secure_token] ([id], [username], [url], [time]) VALUES (56, 'admin', '66d06405da7bfc9738b5ea76a7208f5da520827a1bba6fbca4a8e9bf49c4f5c7', 1417504265.9264);
INSERT INTO [secure_token] ([id], [username], [url], [time]) VALUES (57, 'admin', 'ebcc97c9abe2944b9367f905f6a85c00dd99a6f776b0d6de560b52e761153284', 1417507335.2832);
INSERT INTO [secure_token] ([id], [username], [url], [time]) VALUES (58, 'admin', 'c3d665216185c29f9753c4959d020616dad018fb0de505a92525382e8f6066d4', 1417507335.316);
INSERT INTO [secure_token] ([id], [username], [url], [time]) VALUES (59, 'admin', '88580aeb8dff8d0c75540da83edcff4c718d3783673158525dd4af1bfca8418c', 1417468281.2483);
INSERT INTO [secure_token] ([id], [username], [url], [time]) VALUES (60, 'admin', '9f27969e93acebe59347f2d54382239d30c772856bc264eb39ca3c83813fe0f7', 1417504227.8518);
INSERT INTO [secure_token] ([id], [username], [url], [time]) VALUES (61, 'admin', 'b31fa718f19af12f951e9cd171811b37247365f52719405e89adee6a39eb0191', 1417562808.7257);
INSERT INTO [secure_token] ([id], [username], [url], [time]) VALUES (62, 'admin', '5acebc363075bb50b77716608c28960235503994f5d85aaa5061fa262cdfa798', 1417507335.3521);
INSERT INTO [secure_token] ([id], [username], [url], [time]) VALUES (63, 'admin', 'e3b59ff47ca4aa89be02bb1342fefb190a08974614990dd9eded3b93acc5fc2f', 1417507263.8893);
INSERT INTO [secure_token] ([id], [username], [url], [time]) VALUES (64, 'admin', 'fdf1c57d6165df9b696d5e6536217c3cdb07169bc0e13e455f026f02e99bce34', 1417507296.8698);
INSERT INTO [secure_token] ([id], [username], [url], [time]) VALUES (65, 'admin', '1e2bcb129cc124e43338847db487ff25e13294f9ecd81ca67f5f572f9bfa4217', 1417504255.6488);
INSERT INTO [secure_token] ([id], [username], [url], [time]) VALUES (66, 'admin', 'e284444d8ddd5717c087d7e696a2d33976aedb3d06b1b12b9dd8a725a63cd2c9', 1417508668.8583);
INSERT INTO [secure_token] ([id], [username], [url], [time]) VALUES (67, 'elohim13', '7b8eca9472f785fb2da6b403d35044b2e3d867d69032a3d2bf3ab11cae659f0b', 1418399912.8121);
INSERT INTO [secure_token] ([id], [username], [url], [time]) VALUES (68, 'elohim13', 'c0e421c6dcb40b9ec36b2848fe3d1a27ad22c336bb32112f30a3398908224413', 1418399912.821);
INSERT INTO [secure_token] ([id], [username], [url], [time]) VALUES (69, 'elohim13', 'b31fa718f19af12f951e9cd171811b37247365f52719405e89adee6a39eb0191', 1418399912.8368);
INSERT INTO [secure_token] ([id], [username], [url], [time]) VALUES (70, 'elohim13', 'a86730ad405ae73f7e11eae9cb543b20bd2ba01d27754ddf9691c54631a51cf0', 1418399912.8787);
INSERT INTO [secure_token] ([id], [username], [url], [time]) VALUES (71, 'elohim13', 'ebcc97c9abe2944b9367f905f6a85c00dd99a6f776b0d6de560b52e761153284', 1418318909.236);
INSERT INTO [secure_token] ([id], [username], [url], [time]) VALUES (72, 'elohim13', 'bf70ffbea60ff28e5f839df7ad0fdf7b47349ef17004d51f682762bca492e2a3', 1418318909.2578);
INSERT INTO [secure_token] ([id], [username], [url], [time]) VALUES (73, 'elohim13', 'da6c720079bcbc0038a2c34eed4bd5807c847e9edd5c2e42607b0c203ff3a0df', 1418318909.2637);
INSERT INTO [secure_token] ([id], [username], [url], [time]) VALUES (74, 'elohim13', 'c3d665216185c29f9753c4959d020616dad018fb0de505a92525382e8f6066d4', 1418318909.2707);
INSERT INTO [secure_token] ([id], [username], [url], [time]) VALUES (75, 'elohim13', 'aa9c642346b4f42ff7935dd4485f6cf7bed54581f156bc0746f811eaa0673c6b', 1418318910.4993);
INSERT INTO [secure_token] ([id], [username], [url], [time]) VALUES (76, 'elohim13', '3046e150a64e54d4edcc2f85ab20839e6bbe0cca5561d4da1474c6c621369072', 1418324717.0801);
INSERT INTO [secure_token] ([id], [username], [url], [time]) VALUES (77, 'elohim13', '7337b63719c754c1450abc1dc793faa62fe560c3a448670638a001614de83562', 1417770813.6757);
INSERT INTO [secure_token] ([id], [username], [url], [time]) VALUES (78, 'elohim13', '9f27969e93acebe59347f2d54382239d30c772856bc264eb39ca3c83813fe0f7', 1418316678.8934);
INSERT INTO [secure_token] ([id], [username], [url], [time]) VALUES (79, 'elohim13', '805f049a0203419f25f7557d4ef0c99ce32ac5f9fcf551f5c4d3ef39f4099d43', 1417770040.4191);
INSERT INTO [secure_token] ([id], [username], [url], [time]) VALUES (80, 'elohim13', '1e2bcb129cc124e43338847db487ff25e13294f9ecd81ca67f5f572f9bfa4217', 1418316891.6096);
INSERT INTO [secure_token] ([id], [username], [url], [time]) VALUES (81, 'elohim13', 'faec74ea3734a5c60acb88c97fc039c42664f5e9ef4027562a46f8ddd930ef48', 1417770387.3578);
INSERT INTO [secure_token] ([id], [username], [url], [time]) VALUES (82, 'elohim13', '2beaf0dfbd6c994751fcd7c4cae8778682df52991c8b63a303b7281a72fdf0f5', 1418318909.2833);
INSERT INTO [secure_token] ([id], [username], [url], [time]) VALUES (83, 'elohim13', 'a57847f85e30209a8e3bca807f7f38c7d88c0d192aa6f6a54a19ba39478644b0', 1418318909.2913);
INSERT INTO [secure_token] ([id], [username], [url], [time]) VALUES (84, 'elohim13', '66d06405da7bfc9738b5ea76a7208f5da520827a1bba6fbca4a8e9bf49c4f5c7', 1418316927.5548);
INSERT INTO [secure_token] ([id], [username], [url], [time]) VALUES (85, 'elohim13', '50296e85b6cac4c7831e4681b2a130284d44721ff1d127e6408401328a49c130', 1418316935.4708);
INSERT INTO [secure_token] ([id], [username], [url], [time]) VALUES (86, 'elohim13', '5acebc363075bb50b77716608c28960235503994f5d85aaa5061fa262cdfa798', 1418346911.4772);
INSERT INTO [secure_token] ([id], [username], [url], [time]) VALUES (87, 'elohim13', '88f94236940fe8c15f2a3670e3abc5c0b6f99f7b4969a49dda8f5426136391c8', 1418346911.4844);
INSERT INTO [secure_token] ([id], [username], [url], [time]) VALUES (88, 'elohim13', 'e3b59ff47ca4aa89be02bb1342fefb190a08974614990dd9eded3b93acc5fc2f', 1417770375.1756);
INSERT INTO [secure_token] ([id], [username], [url], [time]) VALUES (89, 'elohim13', 'fdf1c57d6165df9b696d5e6536217c3cdb07169bc0e13e455f026f02e99bce34', 1418346895.0526);
INSERT INTO [secure_token] ([id], [username], [url], [time]) VALUES (90, 'elohim13', 'c89a793d1f304f7dd3614089e3983ea178e12da4b04d071d69c957e01c26d348', 1418323943.6261);
INSERT INTO [secure_token] ([id], [username], [url], [time]) VALUES (91, 'elohim13', 'e786fa7d1635f7158c70c3fed6f3d381454970d752cda9f27787a6959ce6fb51', 1418046173.4963);
INSERT INTO [secure_token] ([id], [username], [url], [time]) VALUES (92, 'elohim13', '49277599fb995e5f8a8f8d7e606e5c802b692da48891f56afee1741060907f5e', 1418399912.8444);
INSERT INTO [secure_token] ([id], [username], [url], [time]) VALUES (93, 'elohim13', '4013b31986f72a0eff9573897774510c37f79173e919d0a77c252acbc2981eb0', 1418399673.6719);
INSERT INTO [secure_token] ([id], [username], [url], [time]) VALUES (94, 'elohim13', 'fed2adf5ddd950cde4799b7b39e075914a6545d76f1b339624dd693e2318eaf4', 1417967207.1724);
INSERT INTO [secure_token] ([id], [username], [url], [time]) VALUES (95, 'elohim13', '9de0dd77913cb9520ad5725b42cff9d4d390f2fb546aab48776fdce443e2431c', 1418399912.8663);
INSERT INTO [secure_token] ([id], [username], [url], [time]) VALUES (96, 'elohim13', '359b796d9a3e174e986db8be1a722d1fa769751a32b21f96b412e5e911d5d813', 1418399912.8591);
INSERT INTO [secure_token] ([id], [username], [url], [time]) VALUES (97, 'elohim13', 'aa2c2cefe41d3ed62cf8251b1433900472373fc5fba59673f5580e892f4f8625', 1418399912.8281);
INSERT INTO [secure_token] ([id], [username], [url], [time]) VALUES (98, 'elohim13', '6f8d2a09e4c4b55efbe428b88d4efe3e329739b4e02f07b8b0194f6fdfeaea80', 1418037381.77);
INSERT INTO [secure_token] ([id], [username], [url], [time]) VALUES (99, 'elohim13', 'c140d4543386ee4c9837ca935366f904ef0aacfccff4e3cbfef52788db7b4082', 1418318909.3155);
INSERT INTO [secure_token] ([id], [username], [url], [time]) VALUES (100, 'elohim13', 'e2d0edf18f3edb14bc61fc5568a5e8f794a7568b8bc9a9f64ec05dcf43e40020', 1418316977.2108);
INSERT INTO [secure_token] ([id], [username], [url], [time]) VALUES (101, 'elohim13', 'f5c39f9242f63729d0502fa41b8f1587150ff74b4bf6b16920aaa411b52d4fed', 1418318909.3064);
INSERT INTO [secure_token] ([id], [username], [url], [time]) VALUES (102, 'elohim13', 'e32307c8e6a3f0f6192d2c01ae830a9e940b85f4d114d8efd00fcbc56844c40f', 1418316963.1602);
INSERT INTO [secure_token] ([id], [username], [url], [time]) VALUES (103, 'elohim13', '90140a40f800153f7f4504325b99aee8d70a25084b6c863e2bb318f903b13734', 1418399912.8512);
INSERT INTO [secure_token] ([id], [username], [url], [time]) VALUES (104, 'elohim13', '4316b6478c6145642751d8b8c0cc8517287beb6bc8c5e55c72f134e556acb318', 1418037456.0176);
INSERT INTO [secure_token] ([id], [username], [url], [time]) VALUES (105, 'elohim13', '9748ca1289dff2226df301dbbe0ecdd43b2edc848e3ad0a4bd770844c0209339', 1418399686.0206);
INSERT INTO [secure_token] ([id], [username], [url], [time]) VALUES (106, 'elohim13', '53d44b2c94c315a6030ad78c545864e382062959c7661ea35a6564d4a048ac65', 1418399912.8728);
INSERT INTO [secure_token] ([id], [username], [url], [time]) VALUES (107, 'elohim13', 'f1f70222d744dba99abe8deafbd779eb3926405e5f67d5bd66dd9a28afb1e96a', 1418392554.0029);
INSERT INTO [secure_token] ([id], [username], [url], [time]) VALUES (108, 'elohim13', '59d466353e171b718413c2769c945988843cd41a0368f2c599881c33ac9fff2b', 1418324403.7004);
INSERT INTO [secure_token] ([id], [username], [url], [time]) VALUES (109, 'elohim13', 'b13e42b78ba0c25b9c3791a1cf045b4deabfaf4bbe7f611d849e2eabfa125ae9', 1418324463.8553);
INSERT INTO [secure_token] ([id], [username], [url], [time]) VALUES (110, 'elohim13', 'd1f7b40f7e31c6a2e8f652a292a7a062b5b36119dc65c7460948a0ae9493744f', 1418346541.0924);
INSERT INTO [secure_token] ([id], [username], [url], [time]) VALUES (111, 'elohim13', '07de8f4ffcb430e3be132fc7055308cb4c35b811d0c4f7dba4e0fde0d71c7ddf', 1418400179.2211);
INSERT INTO [secure_token] ([id], [username], [url], [time]) VALUES (112, 'elohim13', '90ffe7dafe0e137efe2341433c21803b863df17b16bdd0c478363efd78f15cc7', 1418400179.2533);
INSERT INTO [secure_token] ([id], [username], [url], [time]) VALUES (113, 'elohim13', '2f5d8d05106e607b141903035dc8f35ff87767e00be8f73c4e496e14a7af4abf', 1418400179.2605);
INSERT INTO [secure_token] ([id], [username], [url], [time]) VALUES (114, 'elohim13', 'e13b837113c4831ed8dca28ce93d66be756d982bdde7a5b539f1d1e3d4988ba7', 1418400179.2711);
INSERT INTO [secure_token] ([id], [username], [url], [time]) VALUES (115, 'elohim13', '974d20f544d092f7a9b5e8d9c242e7af10c953ba6ac504918a0203f8c7abc62d', 1418400179.2803);
INSERT INTO [secure_token] ([id], [username], [url], [time]) VALUES (116, 'elohim13', '3a161536b15dbba28bcf0ea0f95b96b91e99c12dcad026899879cbdcc73552c8', 1418400179.287);
INSERT INTO [secure_token] ([id], [username], [url], [time]) VALUES (117, 'elohim13', 'aedeb79929e9c77e22979646eb467819d9379b08fac6caf07f6239536686ac83', 1418400179.3123);
INSERT INTO [secure_token] ([id], [username], [url], [time]) VALUES (118, 'elohim13', '61f5b13e5278eefd8156450a8642945743ee7ba273cca2a037ee559beaf975b0', 1418400179.3195);
INSERT INTO [secure_token] ([id], [username], [url], [time]) VALUES (119, 'elohim13', '33853e0f583c219c2af405debff5a8347d628db5fc50df1b622633ddc1e976e0', 1418400179.3261);
INSERT INTO [secure_token] ([id], [username], [url], [time]) VALUES (120, 'elohim13', '2842880ba7fc9c0222b6e6f3bcbc9098feb7c92b04c02f655a257a7d23eca6e3', 1418400179.334);

-- Table: cron
CREATE TABLE cron ( 
    id      INTEGER NOT NULL
                    PRIMARY KEY,
    lastrun TEXT 
);

INSERT INTO [cron] ([id], [lastrun]) VALUES (1, 0);

-- Table: layout
CREATE TABLE layout ( 
    id            INTEGER         NOT NULL
                                  PRIMARY KEY,
    name          VARCHAR( 100 )  DEFAULT NULL,
    content_type  VARCHAR( 80 )   DEFAULT NULL,
    content       TEXT,
    created_on    DATETIME        DEFAULT NULL,
    updated_on    DATETIME        DEFAULT NULL,
    created_by_id INT( 11 )       DEFAULT NULL,
    updated_by_id INT( 11 )       DEFAULT NULL,
    position      MEDIUMINT( 6 )  DEFAULT NULL 
);

INSERT INTO [layout] ([id], [name], [content_type], [content], [created_on], [updated_on], [created_by_id], [updated_by_id], [position]) VALUES (5, 'MySB', 'MySB', '<?php require_once ''/etc/MySB/web/pages/Layout.php''; ?>', '2014-11-27 07:51:41', '2014-12-02 07:10:24', 1, 1, null);

-- Table: page
CREATE TABLE page ( 
    id            INTEGER         NOT NULL
                                  PRIMARY KEY,
    title         VARCHAR( 255 )  DEFAULT NULL,
    slug          VARCHAR( 100 )  NOT NULL
                                  DEFAULT '',
    breadcrumb    VARCHAR( 160 )  DEFAULT NULL,
    keywords      VARCHAR( 255 )  DEFAULT NULL,
    description   TEXT,
    parent_id     INT( 11 )       DEFAULT NULL,
    layout_id     INT( 11 )       DEFAULT NULL,
    behavior_id   VARCHAR( 25 )   NOT NULL
                                  DEFAULT '',
    status_id     INT( 11 )       NOT NULL
                                  DEFAULT '100',
    created_on    DATETIME        DEFAULT NULL,
    published_on  DATETIME        DEFAULT NULL,
    valid_until   DATETIME        DEFAULT NULL,
    updated_on    DATETIME        DEFAULT NULL,
    created_by_id INT( 11 )       DEFAULT NULL,
    updated_by_id INT( 11 )       DEFAULT NULL,
    position      MEDIUMINT( 6 )  DEFAULT '0',
    is_protected  TINYINT( 1 )    NOT NULL
                                  DEFAULT '0',
    needs_login   TINYINT( 1 )    NOT NULL
                                  DEFAULT '2' 
);

INSERT INTO [page] ([id], [title], [slug], [breadcrumb], [keywords], [description], [parent_id], [layout_id], [behavior_id], [status_id], [created_on], [published_on], [valid_until], [updated_on], [created_by_id], [updated_by_id], [position], [is_protected], [needs_login]) VALUES (1, 'Home', '', 'Home', '', '', 0, 5, '', 100, '2014-11-26 16:43:49', '2014-11-26 16:43:50', '', '2014-12-11 19:16:45', 1, 1, 0, 1, 0);
INSERT INTO [page] ([id], [title], [slug], [breadcrumb], [keywords], [description], [parent_id], [layout_id], [behavior_id], [status_id], [created_on], [published_on], [valid_until], [updated_on], [created_by_id], [updated_by_id], [position], [is_protected], [needs_login]) VALUES (2, 'User', 'user', 'User', '', '', 1, 0, 'Redirect_to_first_child', 100, '2014-11-27 09:34:31     ', '2014-11-27 09:34:31     ', '', '2014-12-08 13:43:24', 1, 1, 1, 0, 2);
INSERT INTO [page] ([id], [title], [slug], [breadcrumb], [keywords], [description], [parent_id], [layout_id], [behavior_id], [status_id], [created_on], [published_on], [valid_until], [updated_on], [created_by_id], [updated_by_id], [position], [is_protected], [needs_login]) VALUES (3, 'Logs', 'logs', 'Logs Files', '', '', 12, 0, '', 101, '2014-11-27 14:29:40', '2014-11-27 14:29:58', '', '2014-12-08 11:28:54', 1, 1, 11, 1, 1);
INSERT INTO [page] ([id], [title], [slug], [breadcrumb], [keywords], [description], [parent_id], [layout_id], [behavior_id], [status_id], [created_on], [published_on], [valid_until], [updated_on], [created_by_id], [updated_by_id], [position], [is_protected], [needs_login]) VALUES (4, 'Change Password', 'change-password', 'Change Password', '', '', 2, 0, '', 100, '2014-11-29 11:58:16', '2014-11-29 11:58:16', '', '2014-12-05 09:00:47', 1, 1, 3, 0, 2);
INSERT INTO [page] ([id], [title], [slug], [breadcrumb], [keywords], [description], [parent_id], [layout_id], [behavior_id], [status_id], [created_on], [published_on], [valid_until], [updated_on], [created_by_id], [updated_by_id], [position], [is_protected], [needs_login]) VALUES (5, 'Manage Addresses', 'manage-addresses', 'Manage Addresses', '', '', 2, 0, '', 100, '2014-11-29 11:59:14', '2014-11-29 11:59:14', '', '2014-12-05 09:01:06', 1, 1, 4, 0, 2);
INSERT INTO [page] ([id], [title], [slug], [breadcrumb], [keywords], [description], [parent_id], [layout_id], [behavior_id], [status_id], [created_on], [published_on], [valid_until], [updated_on], [created_by_id], [updated_by_id], [position], [is_protected], [needs_login]) VALUES (6, 'Trackers', 'trackers', 'Trackers', '', '', 1, 0, 'Redirect_to_first_child', 101, '2014-11-29 12:00:04     ', '2014-11-29 12:00:04     ', '', '2014-12-08 13:43:24', 1, 1, 2, 1, 1);
INSERT INTO [page] ([id], [title], [slug], [breadcrumb], [keywords], [description], [parent_id], [layout_id], [behavior_id], [status_id], [created_on], [published_on], [valid_until], [updated_on], [created_by_id], [updated_by_id], [position], [is_protected], [needs_login]) VALUES (8, 'Add new trackers', 'add-new-trackers', 'Add new trackers', '', '', 6, 0, '', 101, '2014-11-30 00:54:22  ', '2014-11-30 00:54:22  ', '', '2014-12-08 11:16:20', 1, 1, 4, 1, 1);
INSERT INTO [page] ([id], [title], [slug], [breadcrumb], [keywords], [description], [parent_id], [layout_id], [behavior_id], [status_id], [created_on], [published_on], [valid_until], [updated_on], [created_by_id], [updated_by_id], [position], [is_protected], [needs_login]) VALUES (9, 'Trackers List', 'trackers-list', 'Global Trackers List', '', '', 6, 0, '', 101, '2014-11-30 00:58:45  ', '2014-11-30 00:58:45  ', '', '2014-12-08 11:16:20', 1, 1, 3, 1, 1);
INSERT INTO [page] ([id], [title], [slug], [breadcrumb], [keywords], [description], [parent_id], [layout_id], [behavior_id], [status_id], [created_on], [published_on], [valid_until], [updated_on], [created_by_id], [updated_by_id], [position], [is_protected], [needs_login]) VALUES (10, 'User Infos', 'user-infos', 'User Informations', '', '', 2, 0, '', 100, '2014-11-30 01:00:01', '2014-11-30 01:00:01', '', '2014-12-05 09:00:38', 1, 1, 2, 0, 2);
INSERT INTO [page] ([id], [title], [slug], [breadcrumb], [keywords], [description], [parent_id], [layout_id], [behavior_id], [status_id], [created_on], [published_on], [valid_until], [updated_on], [created_by_id], [updated_by_id], [position], [is_protected], [needs_login]) VALUES (11, 'OpenVPN Config File', 'openvpn-config-file', 'OpenVPN Config File', '', '', 2, 0, '', 100, '2014-11-30 01:17:50', '2014-11-30 01:17:50', '', '2014-12-05 09:01:32', 1, 1, 5, 0, 2);
INSERT INTO [page] ([id], [title], [slug], [breadcrumb], [keywords], [description], [parent_id], [layout_id], [behavior_id], [status_id], [created_on], [published_on], [valid_until], [updated_on], [created_by_id], [updated_by_id], [position], [is_protected], [needs_login]) VALUES (12, 'Main User', 'main-user', 'Main user', '', '', 1, 0, 'Redirect_to_first_child', 101, '2014-12-01 22:30:46     ', '2014-12-01 22:30:46     ', '', '2014-12-08 13:43:24', 1, 1, 4, 1, 1);
INSERT INTO [page] ([id], [title], [slug], [breadcrumb], [keywords], [description], [parent_id], [layout_id], [behavior_id], [status_id], [created_on], [published_on], [valid_until], [updated_on], [created_by_id], [updated_by_id], [position], [is_protected], [needs_login]) VALUES (13, 'Renting Infos', 'renting-infos', 'Renting Infos', '', '', 12, 0, '', 101, '2014-12-01 22:31:59', '2014-12-01 22:31:59', '', '2014-12-05 09:05:37', 1, 1, 10, 1, 1);
INSERT INTO [page] ([id], [title], [slug], [breadcrumb], [keywords], [description], [parent_id], [layout_id], [behavior_id], [status_id], [created_on], [published_on], [valid_until], [updated_on], [created_by_id], [updated_by_id], [position], [is_protected], [needs_login]) VALUES (14, 'Help', 'help', 'Help', '', '', 1, 0, '', 100, '2014-12-07 08:12:24', '2014-12-07 08:12:24', '', '2014-12-12 15:55:04', 1, 1, 5, 0, 2);
INSERT INTO [page] ([id], [title], [slug], [breadcrumb], [keywords], [description], [parent_id], [layout_id], [behavior_id], [status_id], [created_on], [published_on], [valid_until], [updated_on], [created_by_id], [updated_by_id], [position], [is_protected], [needs_login]) VALUES (15, 'IP restriction', 'ip-restriction', 'IP restriction', '', '', 14, 0, '', 100, '2014-12-07 15:46:09', '2014-12-07 15:46:09', '', '2014-12-07 15:46:47', 1, 1, 0, 0, 2);
INSERT INTO [page] ([id], [title], [slug], [breadcrumb], [keywords], [description], [parent_id], [layout_id], [behavior_id], [status_id], [created_on], [published_on], [valid_until], [updated_on], [created_by_id], [updated_by_id], [position], [is_protected], [needs_login]) VALUES (16, 'Trackers', 'trackers', 'Trackers', null, null, 14, 0, '', 100, '2014-12-07 15:52:45', '2014-12-07 15:52:45', null, '2014-12-07 15:52:45', 1, 1, 0, 0, 2);
INSERT INTO [page] ([id], [title], [slug], [breadcrumb], [keywords], [description], [parent_id], [layout_id], [behavior_id], [status_id], [created_on], [published_on], [valid_until], [updated_on], [created_by_id], [updated_by_id], [position], [is_protected], [needs_login]) VALUES (17, 'Blocklists', 'blocklists', 'Blocklists', '', '', 1, 0, 'Redirect_to_first_child', 101, '2014-12-08 10:18:13 ', '2014-12-08 10:18:13 ', '', '2014-12-08 13:43:24', 1, 1, 3, 1, 1);
INSERT INTO [page] ([id], [title], [slug], [breadcrumb], [keywords], [description], [parent_id], [layout_id], [behavior_id], [status_id], [created_on], [published_on], [valid_until], [updated_on], [created_by_id], [updated_by_id], [position], [is_protected], [needs_login]) VALUES (18, 'PeerGuardian', 'peerguardian', 'PeerGuardian', '', '', 17, 0, '', 101, '2014-12-08 10:20:00  ', '2014-12-08 10:20:00  ', '', '2014-12-08 11:16:20', 1, 1, 7, 1, 1);
INSERT INTO [page] ([id], [title], [slug], [breadcrumb], [keywords], [description], [parent_id], [layout_id], [behavior_id], [status_id], [created_on], [published_on], [valid_until], [updated_on], [created_by_id], [updated_by_id], [position], [is_protected], [needs_login]) VALUES (19, 'rTorrent', 'rtorrent', 'rTorrent', '', '', 17, 0, '', 101, '2014-12-08 10:40:57  ', null, null, '2014-12-08 11:16:20', 1, 1, 6, 1, 1);
INSERT INTO [page] ([id], [title], [slug], [breadcrumb], [keywords], [description], [parent_id], [layout_id], [behavior_id], [status_id], [created_on], [published_on], [valid_until], [updated_on], [created_by_id], [updated_by_id], [position], [is_protected], [needs_login]) VALUES (20, 'Blocklists', 'blocklists', 'Blocklists', '', '', 14, 0, '', 100, '2014-12-08 11:17:28', '2014-12-08 11:17:28', '', '2014-12-08 11:28:23', 1, 1, 0, 0, 2);
INSERT INTO [page] ([id], [title], [slug], [breadcrumb], [keywords], [description], [parent_id], [layout_id], [behavior_id], [status_id], [created_on], [published_on], [valid_until], [updated_on], [created_by_id], [updated_by_id], [position], [is_protected], [needs_login]) VALUES (21, 'Apply configuration', 'apply-configuration', 'Apply configuration', '', '', 1, 0, '', 100, '2014-12-08 13:43:17', '2014-12-08 13:48:46', '', '2014-12-12 01:15:11', 1, 1, 6, 1, 2);

-- Table: page_part
CREATE TABLE page_part ( 
    id           INTEGER         NOT NULL
                                 PRIMARY KEY,
    name         VARCHAR( 100 )  DEFAULT NULL,
    filter_id    VARCHAR( 25 )   DEFAULT NULL,
    content      LONGTEXT,
    content_html LONGTEXT,
    page_id      INT( 11 )       DEFAULT NULL 
);

INSERT INTO [page_part] ([id], [name], [filter_id], [content], [content_html], [page_id]) VALUES (1, 'body', 'textile', '<?php require_once ''/etc/MySB/web/pages/Home.php''; ?>', '	<p><?php require_once ''/etc/MySB/web/pages/Home.php''; ?></p>', 1);
INSERT INTO [page_part] ([id], [name], [filter_id], [content], [content_html], [page_id]) VALUES (10, 'body', '', '', '', 2);
INSERT INTO [page_part] ([id], [name], [filter_id], [content], [content_html], [page_id]) VALUES (11, 'body', '', '<?php require_once ''/etc/MySB/web/pages/Logs.php''; ?>', '<?php require_once ''/etc/MySB/web/pages/Logs.php''; ?>', 3);
INSERT INTO [page_part] ([id], [name], [filter_id], [content], [content_html], [page_id]) VALUES (12, 'body', '', '<?php require_once ''/etc/MySB/web/pages/ChangePassword.php''; ?>', '<?php require_once ''/etc/MySB/web/pages/ChangePassword.php''; ?>', 4);
INSERT INTO [page_part] ([id], [name], [filter_id], [content], [content_html], [page_id]) VALUES (13, 'body', '', '<?php require_once ''/etc/MySB/web/pages/ManageAddresses.php''; ?>', '<?php require_once ''/etc/MySB/web/pages/ManageAddresses.php''; ?>', 5);
INSERT INTO [page_part] ([id], [name], [filter_id], [content], [content_html], [page_id]) VALUES (14, 'body', '', '', '', 6);
INSERT INTO [page_part] ([id], [name], [filter_id], [content], [content_html], [page_id]) VALUES (16, 'body', '', '<?php require_once ''/etc/MySB/web/pages/TrackersAdd.php''; ?>', '<?php require_once ''/etc/MySB/web/pages/TrackersAdd.php''; ?>', 8);
INSERT INTO [page_part] ([id], [name], [filter_id], [content], [content_html], [page_id]) VALUES (17, 'body', '', '<?php require_once ''/etc/MySB/web/pages/TrackersList.php''; ?>', '<?php require_once ''/etc/MySB/web/pages/TrackersList.php''; ?>', 9);
INSERT INTO [page_part] ([id], [name], [filter_id], [content], [content_html], [page_id]) VALUES (18, 'body', '', '<?php require_once ''/etc/MySB/web/pages/UserInfo.php''; ?>', '<?php require_once ''/etc/MySB/web/pages/UserInfo.php''; ?>', 10);
INSERT INTO [page_part] ([id], [name], [filter_id], [content], [content_html], [page_id]) VALUES (19, 'body', '', '<?php require_once ''/etc/MySB/web/pages/OpenVPN.php''; ?>', '<?php require_once ''/etc/MySB/web/pages/OpenVPN.php''; ?>', 11);
INSERT INTO [page_part] ([id], [name], [filter_id], [content], [content_html], [page_id]) VALUES (20, 'body', 'textile', '', '', 12);
INSERT INTO [page_part] ([id], [name], [filter_id], [content], [content_html], [page_id]) VALUES (21, 'body', 'textile', '<?php require_once ''/etc/MySB/web/pages/RentingInfo.php''; ?>', '	<p><?php require_once ''/etc/MySB/web/pages/RentingInfo.php''; ?></p>', 13);
INSERT INTO [page_part] ([id], [name], [filter_id], [content], [content_html], [page_id]) VALUES (22, 'body', 'textile', '* "IP restriction(IP restriction)":?help/ip-restriction.html
* "Trackers(Trackers)":?help/trackers.html
* "Blocklists(Blocklists)":?help/blocklists.html', '	<ul>
		<li><a href="?help/ip-restriction.html" title="IP restriction">IP restriction</a></li>
		<li><a href="?help/trackers.html" title="Trackers">Trackers</a></li>
		<li><a href="?help/blocklists.html" title="Blocklists">Blocklists</a></li>
	</ul>', 14);
INSERT INTO [page_part] ([id], [name], [filter_id], [content], [content_html], [page_id]) VALUES (23, 'body', 'textile', 'IP restriction is applied for access to the MySB portal.
In case you do not have a fixed IP address, you can use a service such as ''No-IP'' or ''DynDNS''.
You can add a host name instead of an IP address "here(here)":?user/manage-addresses.html.

"http://www.noip.com/(No-IP.com)":http://www.noip.com/
"http://www.dyndns.fr/(DynDNS.fr)":http://www.dyndns.fr/
"https://account.dyn.com/entrance/(DynDNS.com)":https://account.dyn.com/entrance/', '	<p>IP restriction is applied for access to the MySB portal.<br />
In case you do not have a fixed IP address, you can use a service such as &#8216;No-IP&#8217; or &#8216;DynDNS&#8217;.<br />
You can add a host name instead of an IP address <a href="?user/manage-addresses.html" title="here">here</a>.</p>

	<p><a href="http://www.noip.com/" title="No-IP.com">http://www.noip.com/</a><br />
<a href="http://www.dyndns.fr/" title="DynDNS.fr">http://www.dyndns.fr/</a><br />
<a href="https://account.dyn.com/entrance/" title="DynDNS.com">https://account.dyn.com/entrance/</a></p>', 15);
INSERT INTO [page_part] ([id], [name], [filter_id], [content], [content_html], [page_id]) VALUES (24, 'body', 'textile', 'You have an existing list of trackers generated from ruTorrent.
Trackers in this list are not deletable. It is only possible to enable or disable it.

You also have the option to add your own trackers "here(here)":?trackers/add-new-trackers.html.
Your trackers will also be displayed in the global list available "here(here)":?trackers/trackers-list.html.', '	<p>You have an existing list of trackers generated from ruTorrent.<br />
Trackers in this list are not deletable. It is only possible to enable or disable it.</p>

	<p>You also have the option to add your own trackers <a href="?trackers/add-new-trackers.html" title="here">here</a>.<br />
Your trackers will also be displayed in the global list available <a href="?trackers/trackers-list.html" title="here">here</a>.</p>', 16);
INSERT INTO [page_part] ([id], [name], [filter_id], [content], [content_html], [page_id]) VALUES (25, 'body', 'textile', '', '', 17);
INSERT INTO [page_part] ([id], [name], [filter_id], [content], [content_html], [page_id]) VALUES (26, 'body', 'textile', '<?php require_once ''/etc/MySB/web/pages/BlockLists_PGL.php''; ?>', '	<p><?php require_once ''/etc/MySB/web/pages/BlockLists_PGL.php''; ?></p>', 18);
INSERT INTO [page_part] ([id], [name], [filter_id], [content], [content_html], [page_id]) VALUES (27, 'body', 'textile', '<?php require_once ''/etc/MySB/web/pages/BlockLists_rTorrent.php''; ?>', '	<p><?php require_once ''/etc/MySB/web/pages/BlockLists_rTorrent.php''; ?></p>', 19);
INSERT INTO [page_part] ([id], [name], [filter_id], [content], [content_html], [page_id]) VALUES (28, 'body', 'textile', 'It is possible to use a blocklist with rTorrent.
Similarly, if you have decided to use PeerGuardian, a second blocklist will also be available.
Although PeerGuardian is installed, it''s still a good idea to also select the lists for rTorrent.
For if PeerGuardian has a problem and can not be launched, the blacklist of rTorrent will take over.
"rTorrent blocklists(rTorrent blocklists)":?blocklists/rtorrent.html
"PeerGuardian blocklists(PeerGuardian blocklists)":?blocklists/peerguardian.html', '	<p>It is possible to use a blocklist with rTorrent.<br />
Similarly, if you have decided to use PeerGuardian, a second blocklist will also be available.<br />
Although PeerGuardian is installed, it&#8217;s still a good idea to also select the lists for rTorrent.<br />
For if PeerGuardian has a problem and can not be launched, the blacklist of rTorrent will take over.<br />
<a href="?blocklists/rtorrent.html" title="rTorrent blocklists">rTorrent blocklists</a><br />
<a href="?blocklists/peerguardian.html" title="PeerGuardian blocklists">PeerGuardian blocklists</a></p>', 20);
INSERT INTO [page_part] ([id], [name], [filter_id], [content], [content_html], [page_id]) VALUES (29, 'body', 'textile', '<?php require_once ''/etc/MySB/web/pages/ApplyConfig.php''; ?>', '	<p><?php require_once ''/etc/MySB/web/pages/ApplyConfig.php''; ?></p>', 21);

-- Table: page_tag
CREATE TABLE page_tag ( 
    page_id INT( 11 )  NOT NULL,
    tag_id  INT( 11 )  NOT NULL 
);


-- Table: permission
CREATE TABLE permission ( 
    id   INTEGER        NOT NULL
                        PRIMARY KEY,
    name VARCHAR( 25 )  NOT NULL 
);

INSERT INTO [permission] ([id], [name]) VALUES (2, 'admin_edit');
INSERT INTO [permission] ([id], [name]) VALUES (1, 'admin_view');
INSERT INTO [permission] ([id], [name]) VALUES (26, 'backup_restore_view');
INSERT INTO [permission] ([id], [name]) VALUES (24, 'file_manager_chmod');
INSERT INTO [permission] ([id], [name]) VALUES (25, 'file_manager_delete');
INSERT INTO [permission] ([id], [name]) VALUES (21, 'file_manager_mkdir');
INSERT INTO [permission] ([id], [name]) VALUES (22, 'file_manager_mkfile');
INSERT INTO [permission] ([id], [name]) VALUES (23, 'file_manager_rename');
INSERT INTO [permission] ([id], [name]) VALUES (20, 'file_manager_upload');
INSERT INTO [permission] ([id], [name]) VALUES (19, 'file_manager_view');
INSERT INTO [permission] ([id], [name]) VALUES (8, 'layout_add');
INSERT INTO [permission] ([id], [name]) VALUES (10, 'layout_delete');
INSERT INTO [permission] ([id], [name]) VALUES (9, 'layout_edit');
INSERT INTO [permission] ([id], [name]) VALUES (7, 'layout_view');
INSERT INTO [permission] ([id], [name]) VALUES (16, 'page_add');
INSERT INTO [permission] ([id], [name]) VALUES (18, 'page_delete');
INSERT INTO [permission] ([id], [name]) VALUES (17, 'page_edit');
INSERT INTO [permission] ([id], [name]) VALUES (15, 'page_view');
INSERT INTO [permission] ([id], [name]) VALUES (12, 'snippet_add');
INSERT INTO [permission] ([id], [name]) VALUES (14, 'snippet_delete');
INSERT INTO [permission] ([id], [name]) VALUES (13, 'snippet_edit');
INSERT INTO [permission] ([id], [name]) VALUES (11, 'snippet_view');
INSERT INTO [permission] ([id], [name]) VALUES (4, 'user_add');
INSERT INTO [permission] ([id], [name]) VALUES (6, 'user_delete');
INSERT INTO [permission] ([id], [name]) VALUES (5, 'user_edit');
INSERT INTO [permission] ([id], [name]) VALUES (3, 'user_view');

-- Table: role
CREATE TABLE role ( 
    id   INTEGER        NOT NULL
                        PRIMARY KEY,
    name VARCHAR( 25 )  NOT NULL 
);

INSERT INTO [role] ([id], [name]) VALUES (1, 'administrator');
INSERT INTO [role] ([id], [name]) VALUES (2, 'developer');
INSERT INTO [role] ([id], [name]) VALUES (3, 'editor');

-- Table: setting
CREATE TABLE setting ( 
    name  VARCHAR( 40 )  NOT NULL,
    value TEXT           NOT NULL 
);

INSERT INTO [setting] ([name], [value]) VALUES ('admin_title', 'MySB v1.2');
INSERT INTO [setting] ([name], [value]) VALUES ('admin_email', 'toulousain79@gmail.com');
INSERT INTO [setting] ([name], [value]) VALUES ('language', 'en');
INSERT INTO [setting] ([name], [value]) VALUES ('theme', 'black_and_white');
INSERT INTO [setting] ([name], [value]) VALUES ('default_status_id', 100);
INSERT INTO [setting] ([name], [value]) VALUES ('default_filter_id', 'textile');
INSERT INTO [setting] ([name], [value]) VALUES ('default_tab', 'page');
INSERT INTO [setting] ([name], [value]) VALUES ('allow_html_title', 'off');
INSERT INTO [setting] ([name], [value]) VALUES ('plugins', 'a:2:{s:23:"redirect_to_first_child";i:1;s:7:"textile";i:1;}');

-- Table: plugin_settings
CREATE TABLE plugin_settings ( 
    plugin_id VARCHAR( 40 )   NOT NULL,
    name      VARCHAR( 40 )   NOT NULL,
    value     VARCHAR( 255 )  NOT NULL 
);

INSERT INTO [plugin_settings] ([plugin_id], [name], [value]) VALUES ('file_manager', 'umask', 0022);
INSERT INTO [plugin_settings] ([plugin_id], [name], [value]) VALUES ('file_manager', 'dirmode', 0755);
INSERT INTO [plugin_settings] ([plugin_id], [name], [value]) VALUES ('file_manager', 'filemode', 0644);
INSERT INTO [plugin_settings] ([plugin_id], [name], [value]) VALUES ('file_manager', 'show_hidden', 0);
INSERT INTO [plugin_settings] ([plugin_id], [name], [value]) VALUES ('file_manager', 'show_backups', 1);
INSERT INTO [plugin_settings] ([plugin_id], [name], [value]) VALUES ('archive', 'use_dates', 1);

-- Table: snippet
CREATE TABLE snippet ( 
    id            INTEGER         NOT NULL
                                  PRIMARY KEY,
    name          VARCHAR( 100 )  NOT NULL
                                  DEFAULT '',
    filter_id     VARCHAR( 25 )   DEFAULT NULL,
    content       TEXT,
    content_html  TEXT,
    created_on    DATETIME        DEFAULT NULL,
    updated_on    DATETIME        DEFAULT NULL,
    created_by_id INT( 11 )       DEFAULT NULL,
    updated_by_id INT( 11 )       DEFAULT NULL,
    position      MEDIUMINT( 6 )  DEFAULT NULL 
);


-- Table: tag
CREATE TABLE tag ( 
    id    INTEGER        NOT NULL
                         PRIMARY KEY,
    name  VARCHAR( 40 )  NOT NULL,
    count INT( 11 )      NOT NULL 
);


-- Table: user
CREATE TABLE user ( 
    id            INTEGER          NOT NULL
                                   PRIMARY KEY,
    name          VARCHAR( 100 )   DEFAULT NULL,
    email         VARCHAR( 255 )   DEFAULT NULL,
    username      VARCHAR( 40 )    NOT NULL,
    password      VARCHAR( 1024 )  DEFAULT NULL,
    salt          VARCHAR( 1024 )  DEFAULT NULL,
    language      VARCHAR( 5 )     DEFAULT NULL,
    last_login    DATETIME         DEFAULT NULL,
    last_failure  DATETIME         DEFAULT NULL,
    failure_count INT( 11 )        DEFAULT NULL,
    created_on    DATETIME         DEFAULT NULL,
    updated_on    DATETIME         DEFAULT NULL,
    created_by_id INT( 11 )        DEFAULT NULL,
    updated_by_id INT( 11 )        DEFAULT NULL,
    CONSTRAINT uc_email UNIQUE ( email ) 
);

INSERT INTO [user] ([id], [name], [email], [username], [password], [salt], [language], [last_login], [last_failure], [failure_count], [created_on], [updated_on], [created_by_id], [updated_by_id]) VALUES (1, 'elohim13', 'toulousain79@gmail.com', 'elohim13', '6d8b69f731131d0175f9a30dac1b1ae1adfeeb69c243edb2b7aae665b1327e1cb7e2ee896b84184ca145b6210fd16ac7614a03bc379fb1cd673e8f263e718109', 'b518ea5da51420ddb1ce3ebc5848c02aaa6c46ce824396fe03d67836970be71d', 'en', '2014-12-12 15:51:12', '2014-12-07 23:00:21', 0, '2014-11-26 16:44:15', '2014-12-12 15:51:12', 1, '');

-- Table: user_role
CREATE TABLE user_role ( 
    user_id INT( 11 )  NOT NULL,
    role_id INT( 11 )  NOT NULL 
);

INSERT INTO [user_role] ([user_id], [role_id]) VALUES (1, 1);

-- Table: role_permission
CREATE TABLE role_permission ( 
    role_id       INT( 11 )  NOT NULL,
    permission_id INT( 11 )  NOT NULL 
);

INSERT INTO [role_permission] ([role_id], [permission_id]) VALUES (1, 1);
INSERT INTO [role_permission] ([role_id], [permission_id]) VALUES (1, 2);
INSERT INTO [role_permission] ([role_id], [permission_id]) VALUES (1, 3);
INSERT INTO [role_permission] ([role_id], [permission_id]) VALUES (1, 4);
INSERT INTO [role_permission] ([role_id], [permission_id]) VALUES (1, 5);
INSERT INTO [role_permission] ([role_id], [permission_id]) VALUES (1, 6);
INSERT INTO [role_permission] ([role_id], [permission_id]) VALUES (1, 7);
INSERT INTO [role_permission] ([role_id], [permission_id]) VALUES (1, 8);
INSERT INTO [role_permission] ([role_id], [permission_id]) VALUES (1, 9);
INSERT INTO [role_permission] ([role_id], [permission_id]) VALUES (1, 10);
INSERT INTO [role_permission] ([role_id], [permission_id]) VALUES (1, 11);
INSERT INTO [role_permission] ([role_id], [permission_id]) VALUES (1, 12);
INSERT INTO [role_permission] ([role_id], [permission_id]) VALUES (1, 13);
INSERT INTO [role_permission] ([role_id], [permission_id]) VALUES (1, 14);
INSERT INTO [role_permission] ([role_id], [permission_id]) VALUES (1, 15);
INSERT INTO [role_permission] ([role_id], [permission_id]) VALUES (1, 16);
INSERT INTO [role_permission] ([role_id], [permission_id]) VALUES (1, 17);
INSERT INTO [role_permission] ([role_id], [permission_id]) VALUES (1, 18);
INSERT INTO [role_permission] ([role_id], [permission_id]) VALUES (1, 19);
INSERT INTO [role_permission] ([role_id], [permission_id]) VALUES (1, 20);
INSERT INTO [role_permission] ([role_id], [permission_id]) VALUES (1, 21);
INSERT INTO [role_permission] ([role_id], [permission_id]) VALUES (1, 22);
INSERT INTO [role_permission] ([role_id], [permission_id]) VALUES (1, 23);
INSERT INTO [role_permission] ([role_id], [permission_id]) VALUES (1, 24);
INSERT INTO [role_permission] ([role_id], [permission_id]) VALUES (1, 25);
INSERT INTO [role_permission] ([role_id], [permission_id]) VALUES (1, 26);
INSERT INTO [role_permission] ([role_id], [permission_id]) VALUES (2, 1);
INSERT INTO [role_permission] ([role_id], [permission_id]) VALUES (2, 7);
INSERT INTO [role_permission] ([role_id], [permission_id]) VALUES (2, 8);
INSERT INTO [role_permission] ([role_id], [permission_id]) VALUES (2, 9);
INSERT INTO [role_permission] ([role_id], [permission_id]) VALUES (2, 10);
INSERT INTO [role_permission] ([role_id], [permission_id]) VALUES (2, 11);
INSERT INTO [role_permission] ([role_id], [permission_id]) VALUES (2, 12);
INSERT INTO [role_permission] ([role_id], [permission_id]) VALUES (2, 13);
INSERT INTO [role_permission] ([role_id], [permission_id]) VALUES (2, 14);
INSERT INTO [role_permission] ([role_id], [permission_id]) VALUES (2, 15);
INSERT INTO [role_permission] ([role_id], [permission_id]) VALUES (2, 16);
INSERT INTO [role_permission] ([role_id], [permission_id]) VALUES (2, 17);
INSERT INTO [role_permission] ([role_id], [permission_id]) VALUES (2, 18);
INSERT INTO [role_permission] ([role_id], [permission_id]) VALUES (2, 19);
INSERT INTO [role_permission] ([role_id], [permission_id]) VALUES (2, 20);
INSERT INTO [role_permission] ([role_id], [permission_id]) VALUES (2, 21);
INSERT INTO [role_permission] ([role_id], [permission_id]) VALUES (2, 22);
INSERT INTO [role_permission] ([role_id], [permission_id]) VALUES (2, 23);
INSERT INTO [role_permission] ([role_id], [permission_id]) VALUES (2, 24);
INSERT INTO [role_permission] ([role_id], [permission_id]) VALUES (2, 25);
INSERT INTO [role_permission] ([role_id], [permission_id]) VALUES (2, 26);
INSERT INTO [role_permission] ([role_id], [permission_id]) VALUES (3, 1);
INSERT INTO [role_permission] ([role_id], [permission_id]) VALUES (3, 15);
INSERT INTO [role_permission] ([role_id], [permission_id]) VALUES (3, 16);
INSERT INTO [role_permission] ([role_id], [permission_id]) VALUES (3, 17);
INSERT INTO [role_permission] ([role_id], [permission_id]) VALUES (3, 18);
INSERT INTO [role_permission] ([role_id], [permission_id]) VALUES (3, 19);
INSERT INTO [role_permission] ([role_id], [permission_id]) VALUES (3, 20);
INSERT INTO [role_permission] ([role_id], [permission_id]) VALUES (3, 21);
INSERT INTO [role_permission] ([role_id], [permission_id]) VALUES (3, 22);
INSERT INTO [role_permission] ([role_id], [permission_id]) VALUES (3, 23);
INSERT INTO [role_permission] ([role_id], [permission_id]) VALUES (3, 24);
INSERT INTO [role_permission] ([role_id], [permission_id]) VALUES (3, 25);

-- Index: username_url
CREATE UNIQUE INDEX username_url ON secure_token ( 
    username,
    url 
);


-- Index: layout_name
CREATE UNIQUE INDEX layout_name ON layout ( 
    name 
);


-- Index: page_tag_page_id
CREATE UNIQUE INDEX page_tag_page_id ON page_tag ( 
    page_id,
    tag_id 
);


-- Index: permission_name
CREATE UNIQUE INDEX permission_name ON permission ( 
    name 
);


-- Index: role_name
CREATE UNIQUE INDEX role_name ON role ( 
    name 
);


-- Index: setting_id
CREATE UNIQUE INDEX setting_id ON setting ( 
    name 
);


-- Index: plugin_setting_id
CREATE UNIQUE INDEX plugin_setting_id ON plugin_settings ( 
    plugin_id,
    name 
);


-- Index: snippet_name
CREATE UNIQUE INDEX snippet_name ON snippet ( 
    name 
);


-- Index: tag_name
CREATE UNIQUE INDEX tag_name ON tag ( 
    name 
);


-- Index: user_username
CREATE UNIQUE INDEX user_username ON user ( 
    username 
);


-- Index: user_role_user_id
CREATE UNIQUE INDEX user_role_user_id ON user_role ( 
    user_id,
    role_id 
);


-- Index: role_permission_role_id
CREATE UNIQUE INDEX role_permission_role_id ON role_permission ( 
    role_id,
    permission_id 
);

